{
    "rmse": 0.6815123761773172,
    "mae": 0.5350745525841326,
    "r2": 0.28675740686569384
}