{
    "rmse": 0.6901825645857975,
    "mae": 0.547234626358383,
    "r2": 0.3165130292678161
}