{
    "rmse": 0.6264005213971282,
    "mae": 0.48755774033168087,
    "r2": 0.3453553898534407
}